<Valmar>
<append xpath="/buffs">
<buff name="buffstewWarming" name_key="buffElementHotName" description_key="buffElementHotDesc" tooltip_key="buffElementHotTooltip" icon="ui_game_symbol_hot" icon_color="255,128,0">
		<damage_type value="heat"/>
		<stack_type value="ignore"/>
		<effect_group>
			<!--<passive_effect name="WaterLossPerStaminaPointGained" operation="perc_add" value="3"/>-->
			<triggered_effect trigger="onSelfBuffStart" action="ModifyScreenEffect" intensity="0.5" fade="2" effect_name="Hot"/>
			<triggered_effect trigger="onSelfBuffRemove" action="ModifyScreenEffect" intensity="0" fade="1" effect_name="Hot"/>
			<triggered_effect trigger="onSelfBuffStart" action="AddJournalEntry" journal="hotWeatherTip"/>
		</effect_group>
	</buff>
</append>
</Valmar>