<Valmar>
	<append xpath="/recipes">
		<!-- Sealed Meat -->
		<recipe name="stripsClingwrap" count="7" scrapable="False" >
	  <ingredient name="Clingwrap" count="1" />
	</recipe>

		<recipe name="foodRawMeat" count="1" scrapable="False" >
	  <ingredient name="sealedMeat" count="1" />
	</recipe>
		<recipe name="foodShamSandwich" count="1" scrapable="False" >
	  <ingredient name="sealedMeat" count="1" />
	</recipe>
		<recipe name="foodRottingFlesh" count="1" scrapable="False" >
	  <ingredient name="sealedMeat" count="1" />
	</recipe>
		<recipe name="resourceAnimalFat" count="1" scrapable="False" >
	  <ingredient name="sealedMeat" count="1" />
	</recipe>

		<recipe name="sealedMeat" count="1" scrapable="False" craft_time="0.1" >
	  <ingredient name="foodRawMeat" count="1" />
	  <ingredient name="stripsClingwrap" count="1" />
	</recipe>
		<recipe name="sealedShamSandwich" count="1" scrapable="False" craft_time="0.1" >
	  <ingredient name="foodShamSandwich" count="1" />
	  <ingredient name="stripsClingwrap" count="1" />
	</recipe>
		<recipe name="sealedRottingFlesh" count="1" scrapable="False" craft_time="0.1" >
	  <ingredient name="foodRottingFlesh" count="1" />
	  <ingredient name="stripsClingwrap" count="1" />
	</recipe>
		<recipe name="sealedAnimalFat" count="1" scrapable="False" craft_time="0.1" >
	  <ingredient name="resourceAnimalFat" count="1" />
	  <ingredient name="stripsClingwrap" count="1" />
	</recipe>
	<!-- Sealed Meat -->
	<!-- Recipes -->
		<recipe name="Hamburger" count="1" craft_time="30" craft_area="TheWeber9000" tags="learnable" craft_tool="toolCookingGrill" >
		<ingredient name="foodRawMeat" count="5"/>
		<ingredient name="foodCornBread" count="2"/>
		</recipe>
		
		<recipe name="Bacon Egg Sandwich" count="1" craft_time="15" craft_area="TheWeber9000" tags="learnable" craft_tool="toolCookingGrill" >
        <ingredient name="foodBaconAndEggs" count="2"/>
        <ingredient name="foodCornBread" count="2"/>
		</recipe>
		
		<recipe name="Fish Pie" count="1" craft_time="20" craft_area="TheWeber9000" tags="learnable" craft_tool="toolCookingPot" >
        <ingredient name="foodEgg" count="1"/>
		<ingredient name="drinkJarBoiledWater" count="1"/>
        <ingredient name="foodCanTuna" count="2"/>
		</recipe>
		
		<recipe name="Honey Ham" count="1" craft_time="25" craft_area="TheWeber9000" tags="learnable" craft_tool="toolCookingGrill" >
        <ingredient name="foodBoiledMeat" count="1"/>
        <ingredient name="foodHoney" count="1"/>
		</recipe>
		
		<recipe name="Grill Steak" count="1" craft_time="15" craft_area="TheWeber9000" tags="learnable" craft_tool="toolCookingGrill" >
        <ingredient name="foodRawMeat" count="15"/>
		</recipe>
		
		<recipe name="Grill Steak Sandwich" count="1" craft_time="15" craft_area="TheWeber9000" tags="learnable" craft_tool="toolCookingGrill" >
        <ingredient name="Grill Steak" count="1"/>
		<ingredient name="foodCornBread" count="2"/>
		</recipe>
		
		<recipe name="Biscuit" count="1" craft_time="10" craft_area="TheWeber9000" tags="learnable" craft_tool="toolCookingPot" >
        <ingredient name="foodCornMeal" count="3"/>
		<ingredient name="drinkJarBoiledWater" count="1"/>
		</recipe>
		
		<recipe name="Biscuit With Jam" count="1" craft_time="5" craft_area="TheWeber9000" tags="learnable" craft_tool="toolCookingPot" >
        <ingredient name="foodCropBlueberries" count="2"/>
		<ingredient name="Biscuit" count="1"/>
		</recipe>
		
		<recipe name="Ramen Soup" count="1" craft_time="30" craft_area="TheWeber9000" tags="learnable" craft_tool="toolCookingPot" >
        <ingredient name="Ramen Noodles" count="1"/>
		<ingredient name="drinkJarBoiledWater" count="1"/>
		</recipe>
		
		<recipe name="Health Drink" count="1" craft_time="60" craft_area="TheWeber9000" tags="learnable" craft_tool="toolCookingPot" >
        <ingredient name="drugPainkillers" count="1"/>
		<ingredient name="drugVitamins" count="1"/>
		<ingredient name="drinkJarBoiledWater" count="1"/>
		</recipe>
		<recipe name="foodRawCharredMeat" count="1" craft_time="0.5" craft_area="TheWeber9000" craft_tool="toolCookingGrill" >
	<ingredient name="foodRawMeat" count="5"/>
	<ingredient name="activatedCarbon" count="1"/>
	</recipe>

	<recipe name="foodRawGrilledMeat" count="1" craft_time="0.5" craft_area="TheWeber9000" craft_tool="toolCookingGrill" >
		<ingredient name="foodRawMeat" count="5"/>
		<ingredient name="activatedCarbon" count="1"/>
	</recipe>

	<recipe name="foodRawBoiledMeat" count="1" craft_time="0.5" craft_area="TheWeber9000" craft_tool="toolCookingPot" >
		<ingredient name="foodRawMeat" count="5"/>
		<ingredient name="drinkJarBoiledWater" count="1"/>
		<ingredient name="activatedCarbon" count="1"/>
	</recipe>

	<recipe name="foodRawMeatStew" count="1" craft_time="0.5" craft_area="TheWeber9000" craft_tool="toolCookingPot" >
		<ingredient name="foodRawMeat" count="5"/>
		<ingredient name="foodCropPotato" count="2"/>
		<ingredient name="foodCropCorn" count="2"/>
		<ingredient name="drinkJarBoiledWater" count="1"/>
		<ingredient name="resourceAnimalFat" count="1"/>
		<ingredient name="activatedCarbon" count="1"/>
	</recipe>

	<recipe name="foodRawSteakAndPotato" count="1" craft_time="0.5" craft_area="TheWeber9000" craft_tool="toolCookingGrill" >
		<ingredient name="foodRawMeat" count="5"/>
		<ingredient name="foodCropPotato" count="2"/>
		<ingredient name="foodCropMushrooms" count="2"/>
		<ingredient name="resourceAnimalFat" count="1"/>
		<ingredient name="activatedCarbon" count="1"/>
	</recipe>

	<recipe name="foodRawShamChowder" count="1" craft_time="0.5" craft_area="TheWeber9000" craft_tool="toolCookingPot" >
		<ingredient name="foodShamSandwich" count="1"/>
		<ingredient name="foodCropPotato" count="2"/>
		<ingredient name="foodCropCorn" count="2"/>
		<ingredient name="drinkJarBoiledWater" count="1"/>
		<ingredient name="activatedCarbon" count="1"/>
	</recipe>

	<recipe name="foodRawHoboStew" count="1" craft_time="0.5" craft_area="TheWeber9000" craft_tool="toolCookingPot" >
		<ingredient name="foodRawRottingFlesh" count="10"/>
		<ingredient name="foodCropPotato" count="2"/>
		<ingredient name="foodCropCorn" count="2"/>
		<ingredient name="drinkJarBoiledWater" count="1"/>
		<ingredient name="resourceAnimalFat" count="1"/>
		<ingredient name="activatedCarbon" count="1"/>
	</recipe>

	<recipe name="foodRawFishTacos" count="1" craft_time="0.5" craft_area="TheWeber9000" craft_tool="toolCookingGrill" >
		<ingredient name="foodCanSalmon" count="1"/>
		<ingredient name="foodCornMeal" count="2"/>
		<ingredient name="activatedCarbon" count="1"/>
	</recipe>

	<recipe name="foodRawChiliDog" count="1" craft_time="0.5" craft_area="TheWeber9000" craft_tool="toolCookingPot" >
		<ingredient name="foodCanChili" count="1"/>
		<ingredient name="foodCornBread" count="1"/>
		<ingredient name="foodRawMeat" count="5"/>
		<ingredient name="activatedCarbon" count="1"/>
	</recipe>

	<recipe name="foodRawBakedPotato" count="1" craft_time="0.5" craft_area="TheWeber9000" craft_tool="toolCookingPot" >
		<ingredient name="foodCropPotato" count="1"/>
		<ingredient name="activatedCarbon" count="1"/>
	</recipe>

	<recipe name="foodRawBlueberryPie" count="1" craft_time="0.5" craft_area="TheWeber9000" craft_tool="toolCookingPot" >
		<ingredient name="foodCropBlueberries" count="5"/>
		<ingredient name="foodEgg" count="1"/>
		<ingredient name="resourceAnimalFat" count="1"/>
		<ingredient name="drinkJarBoiledWater" count="1"/>
		<ingredient name="activatedCarbon" count="1"/>
	</recipe>

	<recipe name="foodRawEggBoiled" count="1" craft_time="0.5" craft_area="TheWeber9000" craft_tool="toolCookingPot" >
		<ingredient name="foodEgg" count="1"/>
		<ingredient name="drinkJarBoiledWater" count="1"/>
		<ingredient name="activatedCarbon" count="1"/>
	</recipe>

	<recipe name="foodRawBaconAndEggs" count="1" craft_time="0.5" craft_area="TheWeber9000" craft_tool="toolCookingPot" >
		<ingredient name="foodEgg" count="2"/>
		<ingredient name="foodRawMeat" count="5"/>
		<ingredient name="activatedCarbon" count="1"/>
	</recipe>

	<recipe name="foodRawVegetableStew" count="1" craft_time="0.5" craft_area="TheWeber9000" craft_tool="toolCookingPot" >
		<ingredient name="foodCropPotato" count="2"/>
		<ingredient name="foodCropCorn" count="2"/>
		<ingredient name="foodCropMushrooms" count="2"/>
		<ingredient name="drinkJarBoiledWater" count="1"/>
		<ingredient name="activatedCarbon" count="1"/>
	</recipe>
	<!-- Possible Non Poisoning food -->

	<!-- treated food -->
	<recipe name="foodTreatedCharredMeat" count="1" craft_time="0.5" craft_area="TheWeber9000" craft_tool="toolCookingGrill" >
		<ingredient name="sealedMeat" count="5"/>
		<ingredient name="activatedCarbon" count="1"/>
	</recipe>

	<recipe name="foodTreatedGrilledMeat" count="1" craft_time="0.5" craft_area="TheWeber9000" craft_tool="toolCookingGrill" >
		<ingredient name="sealedMeat" count="5"/>
		<ingredient name="activatedCarbon" count="1"/>
	</recipe>

	<recipe name="foodTreatedBoiledMeat" count="1" craft_time="0.5" craft_area="TheWeber9000" craft_tool="toolCookingPot" >
		<ingredient name="sealedMeat" count="5"/>
		<ingredient name="drinkJarBoiledWater" count="1"/>
		<ingredient name="activatedCarbon" count="1"/>
	</recipe>

	<recipe name="foodTreatedMeatStew" count="1" craft_time="0.5" craft_area="TheWeber9000" craft_tool="toolCookingPot" >
		<ingredient name="sealedMeat" count="5"/>
		<ingredient name="foodCropPotato" count="2"/>
		<ingredient name="foodCropCorn" count="2"/>
		<ingredient name="drinkJarBoiledWater" count="1"/>
		<ingredient name="sealedAnimalFat" count="1"/>
		<ingredient name="activatedCarbon" count="1"/>
	</recipe>

	<recipe name="foodTreatedSteakAndPotato" count="1" craft_time="0.5" craft_area="TheWeber9000" craft_tool="toolCookingGrill" >
		<ingredient name="sealedMeat" count="5"/>
		<ingredient name="foodCropPotato" count="2"/>
		<ingredient name="foodCropMushrooms" count="2"/>
		<ingredient name="sealedAnimalFat" count="1"/>
		<ingredient name="activatedCarbon" count="1"/>
	</recipe>

	<recipe name="foodTreatedShamChowder" count="1" craft_time="0.5" craft_area="TheWeber9000" craft_tool="toolCookingPot" >
		<ingredient name="sealedShamSandwich" count="1"/>
		<ingredient name="foodCropPotato" count="2"/>
		<ingredient name="foodCropCorn" count="2"/>
		<ingredient name="drinkJarBoiledWater" count="1"/>
		<ingredient name="activatedCarbon" count="1"/>
	</recipe>

	<recipe name="foodTreatedHoboStew" count="1" craft_time="0.5" craft_area="TheWeber9000" craft_tool="toolCookingPot" >
		<ingredient name="sealedRottingFlesh" count="10"/>
		<ingredient name="foodCropPotato" count="2"/>
		<ingredient name="foodCropCorn" count="2"/>
		<ingredient name="drinkJarBoiledWater" count="1"/>
		<ingredient name="resourceAnimalFat" count="1"/>
		<ingredient name="activatedCarbon" count="1"/>
	</recipe>

	<recipe name="foodTreatedFishTacos" count="1" craft_time="0.5" craft_area="TheWeber9000" craft_tool="toolCookingGrill" >
		<ingredient name="foodCanSalmon" count="1"/>
		<ingredient name="foodCornMeal" count="2"/>
		<ingredient name="activatedCarbon" count="1"/>
	</recipe>

	<recipe name="foodTreatedChiliDog" count="1" craft_time="0.5" craft_area="TheWeber9000" craft_tool="toolCookingPot" >
		<ingredient name="foodCanChili" count="1"/>
		<ingredient name="foodCornBread" count="1"/>
		<ingredient name="sealedMeat" count="5"/>
		<ingredient name="activatedCarbon" count="1"/>
	</recipe>

	<recipe name="foodTreatedBakedPotato" count="1" craft_time="0.5" craft_area="TheWeber9000" craft_tool="toolCookingPot" >
		<ingredient name="foodCropPotato" count="1"/>
		<ingredient name="activatedCarbon" count="1"/>
	</recipe>

	<recipe name="foodTreatedBlueberryPie" count="1" craft_time="0.5" craft_area="TheWeber9000" craft_tool="toolCookingPot" >
		<ingredient name="foodCropBlueberries" count="5"/>
		<ingredient name="foodEgg" count="1"/>
		<ingredient name="foodCornMeal" count="1"/>
		<ingredient name="sealedAnimalFat" count="1"/>
		<ingredient name="drinkJarBoiledWater" count="1"/>
		<ingredient name="activatedCarbon" count="1"/>
	</recipe>

	<recipe name="foodTreatedEggBoiled" count="1" craft_time="0.5" craft_area="TheWeber9000" craft_tool="toolCookingPot" >
		<ingredient name="foodEgg" count="1"/>
		<ingredient name="drinkJarBoiledWater" count="1"/>
		<ingredient name="activatedCarbon" count="1"/>
	</recipe>

	<recipe name="foodTreatedBaconAndEggs" count="1" craft_time="0.5" craft_area="TheWeber9000" craft_tool="toolCookingPot" >
		<ingredient name="foodEgg" count="2"/>
		<ingredient name="sealedMeat" count="5"/>
		<ingredient name="activatedCarbon" count="1"/>
	</recipe>

	<recipe name="foodTreatedVegetableStew" count="1" craft_time="0.5" craft_area="TheWeber9000" craft_tool="toolCookingPot" >
		<ingredient name="foodCropPotato" count="2"/>
		<ingredient name="foodCropCorn" count="2"/>
		<ingredient name="foodCropMushrooms" count="2"/>
		<ingredient name="drinkJarBoiledWater" count="1"/>
		<ingredient name="activatedCarbon" count="1"/>
	</recipe>
	<!-- treated food -->
	<!-- Poison Removal Spices -->
	<recipe name="activatedCarbon" count="1" craft_time="0.5" craft_area="TheWeber9000" craft_tool="toolBeaker" >
		<ingredient name="drugHerbalAntibiotics" count="2"/>
		<ingredient name="drugSteroids" count="2"/>
		<ingredient name="foodCropMushrooms" count="2"/>
		<ingredient name="drinkJarBoiledWater" count="1"/>
		<ingredient name="foodHoney" count="1"/>
	</recipe>
	<!-- Poison Removal Spices -->
	<!-- Weber 9000 -->
	<recipe name="TheWeber9000" count="1" craft_time="14.5" craft_area="workbench" tags="learnable,workbenchCrafting">
		<ingredient name="resourceMechanicalParts" count="16"/>
		<ingredient name="burningBarrelPlayer" count="1"/>
		<ingredient name="toolCookingGrill" count="3"/>
		<ingredient name="resourceMetalPipe" count="25"/>
		<ingredient name="resourceForgedIron" count="200"/>
	</recipe>
	<!-- Weber 9000 -->
	<recipe name="valfire" count="1">
	<ingredient name="resourceRockSmall" count="10"/>
</recipe>
<recipe name="cornBread" count="1" scrapable="False" craft_area="valfire" craft_tool="toolBowlWater">
    <ingredient name="foodCornMeal" count="1"/>
</recipe> 
<recipe name="cornOnTheCob" count="1" scrapable="False" craft_area="valfire" craft_tool="toolBowlWater">
    <ingredient name="foodCropCorn" count="1"/>
</recipe> 
<recipe name="eggboiled" count="1" scrapable="False" craft_area="valfire" craft_tool="toolBowlWater">
    <ingredient name="foodEgg" count="1"/>
</recipe> 
<recipe name="meatStew" count="1" scrapable="False" craft_area="valfire" craft_tool="toolCookingPot">
    <ingredient name="foodRawMeat" count="1"/>
    <ingredient name="foodCropPotato" count="1"/>
    <ingredient name="foodCropCorn" count="1"/>
    <ingredient name="drinkJarBoiledWater" count="1"/>
	<ingredient name="resourceAnimalFat" count="1"/>
</recipe> 
<recipe name="vegetableStew" count="1" scrapable="False" craft_area="valfire" craft_tool="toolCookingPot">
    <ingredient name="foodCropPotato" count="1"/>
    <ingredient name="foodCropCorn" count="1"/>
    <ingredient name="foodCropMushrooms" count="1"/>
    <ingredient name="drinkJarBoiledWater" count="1"/>
	<ingredient name="bowl" count="1"/>
</recipe> 
        <!-- Expanded Food Mod -->
    <recipe name="bowl" count="1" scrapable="False" craft_area="valfire">
        <ingredient name="resourceClayLump" count="3"/>
    </recipe>
    <recipe name="dinnerPlate" count="1" scrapable="False" craft_area="valfire">
        <ingredient name="resourceClayLump" count="4"/>
    </recipe>
    <recipe name="baconEggSandwich" count="1" scrapable="False" >
        <ingredient name="BaconAndEggs" count="2"/>
        <ingredient name="foodCropCorn" count="1"/>
		<ingredient name="dinnerPlate" count="1"/>
    </recipe>
    <recipe name="scrambledEggs" count="1" scrapable="False" craft_area="valfire" craft_tool="toolCookingPot" >
        <ingredient name="foodEgg" count="2"/>
        <ingredient name="resourceAnimalFat" count="1"/>
		<ingredient name="dinnerPlate" count="1"/>
    </recipe>
    <recipe name="Omelet" count="1" scrapable="False" craft_area="valfire" craft_tool="toolCookingPot" >
        <ingredient name="foodEgg" count="2"/>
        <ingredient name="resourceAnimalFat" count="1"/>
        <ingredient name="foodRawMeat" count="1"/>
		<ingredient name="dinnerPlate" count="1"/>
    </recipe>
    <recipe name="stewChunkyMeat" count="1" scrapable="False" craft_area="valfire" craft_tool="toolCookingPot" >
        <ingredient name="drinkJarBoiledWater" count="1" />
        <ingredient name="foodRawMeat" count="3"/>
		<ingredient name="bowl" count="1"/>
    </recipe>
    <recipe name="cornOnTheCob" count="1" scrapable="False" craft_area="valfire" craft_tool="toolBowlWater" >
        <ingredient name="foodCropCorn" count="1"/>
		<ingredient name="dinnerPlate" count="1"/>
    </recipe>
    <recipe name="blueberryJam" count="1" scrapable="False" >
    <ingredient name="foodCropBlueberries" count="12" />
    <ingredient name="bowl" count="1" />
	<ingredient name="dinnerPlate" count="1"/>
  </recipe>
    <recipe name="canMeatStew" count="1" scrapable="False" >
    <ingredient name="meatStew" count="1" />
    <ingredient name="bowl" count="1" />
  </recipe>
    <recipe name="canVegetableStew" count="1" scrapable="False" >
    <ingredient name="vegetableStew" count="1" />
    <ingredient name="bowl" count="1" />
  </recipe>
    <recipe name="canChunkyMeatStew" count="1" scrapable="False" >
    <ingredient name="stewChunkyMeat" count="1" />
    <ingredient name="bowl" count="1" />
  </recipe>
    <recipe name="bowlFruit" count="1" scrapable="False" >
    <ingredient name="bowl" count="1" />
    <ingredient name="foodCropYuccaFruit" count="3" />
    <ingredient name="foodCropBlueberries" count="3" />
    </recipe>
    <recipe name="bowlFruit" count="1" scrapable="False" >
    <ingredient name="bowl" count="1" />
    <ingredient name="foodCanPears" count="2" />
    </recipe>
    <recipe name="cornbreadJam" count="1" scrapable="False" >
    <ingredient name="cornBread" count="1" />
    <ingredient name="foodCropBlueberries" count="1" />
	<ingredient name="dinnerPlate" count="1"/>
    </recipe>
    <recipe name="soupChunkyBeef" count="1" scrapable="False" >
    <ingredient name="bowl" count="1" />
    <ingredient name="foodCanBeef" count="2" />
    </recipe>
    <recipe name="soupChicken" count="1" scrapable="False" >
    <ingredient name="bowl" count="1" />
    <ingredient name="foodCanChicken" count="2" />
    </recipe>
    <recipe name="soupLamb" count="1" scrapable="False" >
    <ingredient name="bowl" count="1" />
    <ingredient name="foodCanLamb" count="2" />
    </recipe>
    <recipe name="bowlChili" count="1" scrapable="False" >
    <ingredient name="bowl" count="1" />
    <ingredient name="foodCanChili" count="2" />
    </recipe>
    <recipe name="bowlMiso" count="1" scrapable="False" >
    <ingredient name="bowl" count="1" />
    <ingredient name="foodCanMiso" count="2" />
    </recipe>
    <recipe name="soupPea" count="1" scrapable="False" >
    <ingredient name="bowl" count="1" />
    <ingredient name="foodCanPeas" count="2" />
    </recipe>
    <recipe name="bowlPasta" count="1" scrapable="False" >
    <ingredient name="bowl" count="1" />
    <ingredient name="foodCanPasta" count="2" />
    </recipe>
    <recipe name="bowlSoup" count="1" scrapable="False" >
    <ingredient name="bowl" count="1" />
    <ingredient name="foodCanSoup" count="2" />
    </recipe>
    <recipe name="bowlStock" count="1" scrapable="False" >
    <ingredient name="bowl" count="1" />
    <ingredient name="foodCanStock" count="2" />
    </recipe>
    <recipe name="warmsoupChunkyBeef" count="1" scrapable="False" craft_area="valfire" craft_tool="toolCookingPot" >
    <ingredient name="soupChunkyBeef" count="1" />
    </recipe>
    <recipe name="warmsoupChicken" count="1" scrapable="False" craft_area="valfire" craft_tool="toolCookingPot" >
    <ingredient name="soupChicken" count="1" />
    </recipe>
    <recipe name="warmsoupLamb" count="1" scrapable="False" craft_area="valfire" craft_tool="toolCookingPot" >
    <ingredient name="soupLamb" count="1" />
    </recipe>
    <recipe name="warmbowlChili" count="1" scrapable="False" craft_area="valfire" craft_tool="toolCookingPot" >
    <ingredient name="bowlChili" count="1" />
    </recipe>
    <recipe name="warmbowlMiso" count="1" scrapable="False" craft_area="valfire" craft_tool="toolCookingPot" >
    <ingredient name="bowlMiso" count="1" />
    </recipe>
    <recipe name="warmsoupPea" count="1" scrapable="False" craft_area="valfire" craft_tool="toolCookingPot" >
    <ingredient name="soupPea" count="1" />
    </recipe>
    <recipe name="warmbowlPasta" count="1" scrapable="False" craft_area="valfire" craft_tool="toolCookingPot" >
    <ingredient name="bowlPasta" count="1" />
    </recipe>
    <recipe name="warmbowlSoup" count="1" scrapable="False" craft_area="valfire" craft_tool="toolCookingPot" >
    <ingredient name="bowlSoup" count="1" />
    </recipe>
    <recipe name="warmbowlStock" count="1" scrapable="False" craft_area="valfire" craft_tool="toolCookingPot" >
    <ingredient name="bowlStock" count="1" />
    </recipe>
    <recipe name="creamedCorn" count="1" scrapable="False" craft_area="valfire" craft_tool="toolCookingPot" >
    <ingredient name="drinkJarBoiledWater" count="1" />
    <ingredient name="foodCropCorn" count="2" />
	<ingredient name="bowl" count="1" />
    </recipe>
    <recipe name="toolBowlWater" count="1" scrapable="False" craft_area="valfire" craft_tool="toolCookingPot" >
        <ingredient name="bowlMurkyWater" count="1"/>
		<ingredient name="bowl" count="1" />
    </recipe>
	   <recipe name="bowlMurkyWater" count="1" scrapable="False" craft_area="valfire" craft_tool="toolCookingPot" >
        <ingredient name="drinkJarBoiledWater" count="1"/>
		<ingredient name="bowl" count="1" />
    </recipe>
    <recipe name="soupMushroom" count="1" scrapable="False" craft_area="valfire" craft_tool="toolCookingPot" >
        <ingredient name="drinkJarBoiledWater" count="1"/>
    <ingredient name="foodCropMushrooms" count="3" />
	<ingredient name="bowl" count="1" />
    </recipe>
    <recipe name="Mead" count="1" scrapable="False" craft_area="valfire" craft_tool="toolBeaker" >
        <ingredient name="drinkJarBoiledWater" count="1"/>
        <ingredient name="foodHoney" count="1"/>
        <ingredient name="foodCropCorn" count="1"/>
    </recipe>
    <recipe name="meadBlueberry" count="1" scrapable="False" craft_area="valfire" craft_tool="toolBeaker" >
        <ingredient name="drinkJarBoiledWater" count="1"/>
        <ingredient name="foodHoney" count="1"/>
        <ingredient name="foodCropCorn" count="1"/>
        <ingredient name="foodCropBlueberries" count="1"/>
    </recipe>
    <recipe name="honeyHam" count="1" scrapable="False" craft_area="valfire" craft_tool="toolCookingGrill" >
        <ingredient name="foodHoney" count="1"/>
        <ingredient name="boiledMeat" count="1"/>
    </recipe>
 
	<recipe name="biscuit" count="1" scrapable="False" craft_area="valfire" craft_tool="toolBowlWater">
		<ingredient name="foodCropCorn" count="1"/>
	</recipe>
	<recipe name="grillSteak" count="1" scrapable="False" craft_area="valfire" craft_tool="toolCookingGrill">
		<ingredient name="foodRawMeat" count="3"/>
		<ingredient name="dinnerPlate" count="1"/>
	</recipe>
	<recipe name="steakSandwich" count="1" scrapable="False" >
		<ingredient name="grillSteak" count="1"/>
		<ingredient name="cornBread" count="2"/>
	</recipe>
	<recipe name="Hamburger" count="1" scrapable="False" craft_area="valfire" craft_tool="toolCookingGrill">
		<ingredient name="foodRawMeat" count="1"/>
		<ingredient name="cornBread" count="2"/>
		<ingredient name="dinnerPlate" count="1"/>
	</recipe>
	<recipe name="mealBreakfast" count="1" scrapable="False" craft_area="valfire" craft_tool="toolCookingPot">
		<ingredient name="foodRawMeat" count="3"/>
		<ingredient name="foodEgg" count="3"/>
		<ingredient name="dinnerPlate" count="1"/>
	</recipe>
	<recipe name="mealDinner" count="1" scrapable="False" craft_area="valfire" craft_tool="toolCookingPot">
		<ingredient name="foodRawMeat" count="5"/>
		<ingredient name="foodCropCorn" count="1"/>
		<ingredient name="foodCropPotato" count="1"/>
		<ingredient name="dinnerPlate" count="1"/>
	</recipe>
	
	</append>
</Valmar>