<FNS_The_Winchester>

<append xpath="/blocks">
	
	<block name="cntFNSWinchesterOpen">  <!-- FNS The Winchester Pub Special POI Loot, Open -->
		<property name="CreativeMode" value="Dev"/>	
		<property name="Extends" value="cntFootlockerOpenWhite"/>	
		<property name="CustomIcon" value="cntFootlockerOpenWhite"/>
		<property name="CustomIconTint" value="#4f3746"/>
		<property name="TintColor" value="#4f3746"/>
	</block>
	

	<block name="cntFNSWinchesterClosed">  <!-- FNS The Winchester Pub Special POI Loot, Closed -->
		<property name="CreativeMode" value="Dev"/>
		<property name="Extends" value="cntFootlockerClosedWhite"/>
		<property name="LootList" value="fnsWinchesterPubLoot"/>		
		<property name="CustomIcon" value="cntFootlockerClosedWhite"/>
		<property name="CustomIconTint" value="#4f3746"/>
		<property name="TintColor" value="#4f3746"/>
		<property name="DowngradeBlock" value="cntFNSWinchesterClosed"/>
	</block>	
	
</append>	
	
</FNS_The_Winchester>