<FNS_The_Winchester>

    <append xpath="//lootcontainers">
		
<!-- FNS Winchester Pub Loot -->

		<lootgroup name="groupFNSWinchesterPubLoot" count="all">
			<item name="gunRifleT3WinchesterRifle" count="1"/>
			<item name="ammo44MagnumBulletBall" count="100,150"/>
			<item name="meleeWpnClubT3BigBadBat" count="1"/>
			<item name="drinkJarBeer" count="1,3"/>
			<item name="medicalFirstAidBandage" count="2,3"/>
			<item name="foodShepardsPie" count="1"/>
			<item name="thrownAmmoMolotovCocktail" count="2,4"/>
			<item name="drinkCanMegaCrush" count="1"/>
			<item name="bookBarBrawling7BoozedUp" count="1"/>
		</lootgroup>
		
		<lootcontainer name="fnsWinchesterPubLoot" count="1" size="8,4" sound_open="UseActions/open_suitcase" sound_close="UseActions/close_suitcase" loot_quality_template="qualBaseTemplate" ignore_loot_abundance="true" destroy_on_close="empty" >
			<item group="groupFNSWinchesterPubLoot" />
        </lootcontainer>

    </append>

</FNS_The_Winchester>
