<stallionsden>
<append xpath="/xui/ruleset">
		<window_group name="workstation_TheWeber9000" controller="XUiC_WorkstationWindowGroup" open_backpack_on_open="true" close_compass_on_open="true" defaultSelected="bp.content">			
			<window name="windowCraftingList"/>
			<window name="craftingInfoPanel"/>
			<window name="windowCraftingQueue"/>
			<window name="windowToolsCampfire" />
			<window name="windowFuel" />
			<window name="windowOutput" />			
			<window name="windowNonPagingHeader" />					
		</window_group>
		<window_group name="workstation_valfire" controller="XUiC_WorkstationWindowGroup" open_backpack_on_open="true" close_compass_on_open="true">
			<window name="windowCraftingList"/>
			<window name="craftingInfoPanel"/>
			<window name="windowCraftingQueue"/>
			<window name="windowToolsValfire" />
			<window name="windowFuel" />
			<window name="windowOutput" />
			<window name="windowNonPagingHeader" />
		</window_group>
</append>
</stallionsden>